{
  "BoW Lexical TFIDF": {
    "MRR": 0.2918773598851939,
    "MAP": 0.07591898208826914,
    "Hits@1": 0.2,
    "Hits@3": 0.32,
    "Hits@5": 0.36,
    "Hits@10": 0.48,
    "Hits@100": 0.66,
    "Hits@375724": 0.78,
    "P@1": 0.2,
    "P@3": 0.11999999999999998,
    "P@5": 0.084,
    "P@10": 0.06000000000000002,
    "P@100": 0.010000000000000004,
    "P@375724": 4.9504423459773674e-06,
    "R@1": 0.039999999999999994,
    "R@3": 0.07200000000000001,
    "R@5": 0.084,
    "R@10": 0.12000000000000004,
    "R@100": 0.2,
    "R@375724": 0.3719999999999999,
    "F1@1": 0.0666666666666667,
    "F1@3": 0.09,
    "F1@5": 0.08400000000000002,
    "F1@10": 0.07999999999999999,
    "F1@100": 0.01904761904761905,
    "F1@375724": 9.900752936291853e-06,
    "nDCG@1": 0.1779047619047619,
    "nDCG@3": 0.18767548154169356,
    "nDCG@5": 0.18711264923470572,
    "nDCG@10": 0.2160362624442601,
    "nDCG@100": 0.2506896478815377,
    "nDCG@375724": 0.2765296285767587,
    "MR": 82735.48,
    "aRP": 0.08000000000000002,
    "Cov": 0.372,
    "Med": 12.5
  },
  "BoW Lexical BM25": {
    "MRR": 0.32334710389417864,
    "MAP": 0.07789665552570796,
    "Hits@1": 0.22,
    "Hits@3": 0.38,
    "Hits@5": 0.46,
    "Hits@10": 0.52,
    "Hits@100": 0.66,
    "Hits@375724": 1.0,
    "P@1": 0.22,
    "P@3": 0.1333333333333333,
    "P@5": 0.10400000000000004,
    "P@10": 0.06400000000000003,
    "P@100": 0.009400000000000004,
    "P@375724": 1.3307640714992932e-05,
    "R@1": 0.044,
    "R@3": 0.08000000000000003,
    "R@5": 0.10400000000000004,
    "R@10": 0.12800000000000006,
    "R@100": 0.18799999999999997,
    "R@375724": 1.0,
    "F1@1": 0.07333333333333336,
    "F1@3": 0.1,
    "F1@5": 0.10400000000000004,
    "F1@10": 0.08533333333333333,
    "F1@100": 0.01790476190476191,
    "F1@375724": 2.6614927248096356e-05,
    "nDCG@1": 0.20857142857142857,
    "nDCG@3": 0.21578220569586673,
    "nDCG@5": 0.22730553303126402,
    "nDCG@10": 0.24460963229892066,
    "nDCG@100": 0.2651047339293684,
    "nDCG@375724": 0.33058930178262386,
    "MR": 26649.48,
    "aRP": 0.10400000000000004,
    "Cov": 1.0,
    "Med": 8.0
  },
  "SBERT SNOMED25 cos-sim": {
    "MRR": 0.5540450068344805,
    "MAP": 0.1467414216854302,
    "Hits@1": 0.38,
    "Hits@3": 0.72,
    "Hits@5": 0.76,
    "Hits@10": 0.86,
    "Hits@100": 0.98,
    "Hits@375724": 1.0,
    "P@1": 0.38,
    "P@3": 0.26000000000000006,
    "P@5": 0.16800000000000007,
    "P@10": 0.11199999999999997,
    "P@100": 0.018600000000000012,
    "P@375724": 1.3307640714992932e-05,
    "R@1": 0.07600000000000003,
    "R@3": 0.1560000000000001,
    "R@5": 0.16800000000000007,
    "R@10": 0.22399999999999995,
    "R@100": 0.37199999999999994,
    "R@375724": 1.0,
    "F1@1": 0.12666666666666665,
    "F1@3": 0.195,
    "F1@5": 0.16800000000000007,
    "F1@10": 0.14933333333333343,
    "F1@100": 0.035428571428571434,
    "F1@375724": 2.6614927248096356e-05,
    "nDCG@1": 0.35714285714285715,
    "nDCG@3": 0.3892134980815651,
    "nDCG@5": 0.3752294782265041,
    "nDCG@10": 0.41375714731021423,
    "nDCG@100": 0.45346159178879375,
    "nDCG@375724": 0.503340539641879,
    "MR": 13.98,
    "aRP": 0.16800000000000007,
    "Cov": 1.0,
    "Med": 2.0
  },
  "HiT SNOMED25(F) d_k": {
    "MRR": 0.44450524160409344,
    "MAP": 0.1447682830557866,
    "Hits@1": 0.3,
    "Hits@3": 0.54,
    "Hits@5": 0.58,
    "Hits@10": 0.66,
    "Hits@100": 0.86,
    "Hits@375724": 1.0,
    "P@1": 0.3,
    "P@3": 0.20666666666666667,
    "P@5": 0.14800000000000005,
    "P@10": 0.098,
    "P@100": 0.02240000000000001,
    "P@375724": 1.3307640714992932e-05,
    "R@1": 0.06000000000000001,
    "R@3": 0.12400000000000004,
    "R@5": 0.14800000000000005,
    "R@10": 0.196,
    "R@100": 0.4479999999999999,
    "R@375724": 1.0,
    "F1@1": 0.1,
    "F1@3": 0.155,
    "F1@5": 0.14800000000000008,
    "F1@10": 0.1306666666666667,
    "F1@100": 0.042666666666666665,
    "F1@375724": 2.6614927248096356e-05,
    "nDCG@1": 0.2885714285714286,
    "nDCG@3": 0.29783477857590207,
    "nDCG@5": 0.295665413035632,
    "nDCG@10": 0.3233486341156802,
    "nDCG@100": 0.38944754974141105,
    "nDCG@375724": 0.4440105477780916,
    "MR": 46.28,
    "aRP": 0.14800000000000005,
    "Cov": 1.0,
    "Med": 2.5
  },
  "HiT SNOMED25(F) s_e": {
    "MRR": 0.4432311245051978,
    "MAP": 0.14970397693498008,
    "Hits@1": 0.32,
    "Hits@3": 0.52,
    "Hits@5": 0.56,
    "Hits@10": 0.62,
    "Hits@100": 0.84,
    "Hits@375724": 1.0,
    "P@1": 0.32,
    "P@3": 0.2,
    "P@5": 0.14400000000000004,
    "P@10": 0.10000000000000002,
    "P@100": 0.02220000000000001,
    "P@375724": 1.3307640714992932e-05,
    "R@1": 0.06400000000000002,
    "R@3": 0.12000000000000004,
    "R@5": 0.14400000000000004,
    "R@10": 0.20000000000000004,
    "R@100": 0.4439999999999999,
    "R@375724": 1.0,
    "F1@1": 0.10666666666666666,
    "F1@3": 0.15,
    "F1@5": 0.14400000000000007,
    "F1@10": 0.1333333333333334,
    "F1@100": 0.04228571428571429,
    "F1@375724": 2.6614927248096356e-05,
    "nDCG@1": 0.30857142857142855,
    "nDCG@3": 0.299693284462083,
    "nDCG@5": 0.2969181713001967,
    "nDCG@10": 0.3196914349947996,
    "nDCG@100": 0.3875494564459029,
    "nDCG@375724": 0.44349441828249914,
    "MR": 53.4,
    "aRP": 0.14400000000000004,
    "Cov": 1.0,
    "Med": 3.0
  },
  "OnT SNO-25(F) d_k": {
    "MRR": 0.6035209913260371,
    "MAP": 0.18375181772424518,
    "Hits@1": 0.44,
    "Hits@3": 0.76,
    "Hits@5": 0.76,
    "Hits@10": 0.86,
    "Hits@100": 0.98,
    "Hits@375724": 1.0,
    "P@1": 0.44,
    "P@3": 0.29333333333333345,
    "P@5": 0.19200000000000003,
    "P@10": 0.122,
    "P@100": 0.023800000000000012,
    "P@375724": 1.3307640714992932e-05,
    "R@1": 0.08800000000000002,
    "R@3": 0.17600000000000005,
    "R@5": 0.19200000000000003,
    "R@10": 0.244,
    "R@100": 0.47599999999999987,
    "R@375724": 1.0,
    "F1@1": 0.1466666666666666,
    "F1@3": 0.22,
    "F1@5": 0.19200000000000003,
    "F1@10": 0.16266666666666676,
    "F1@100": 0.04533333333333335,
    "F1@375724": 2.6614927248096356e-05,
    "nDCG@1": 0.42857142857142855,
    "nDCG@3": 0.42846398033817407,
    "nDCG@5": 0.4045085898335559,
    "nDCG@10": 0.437380355346948,
    "nDCG@100": 0.500445910099679,
    "nDCG@375724": 0.5422847451016394,
    "MR": 6.28,
    "aRP": 0.19200000000000003,
    "Cov": 1.0,
    "Med": 2.0
  },
  "OnT SNO-25(F) s_c": {
    "MRR": 0.6253987788511208,
    "MAP": 0.2014341138700346,
    "Hits@1": 0.52,
    "Hits@3": 0.7,
    "Hits@5": 0.74,
    "Hits@10": 0.78,
    "Hits@100": 0.96,
    "Hits@375724": 1.0,
    "P@1": 0.52,
    "P@3": 0.2733333333333334,
    "P@5": 0.2040000000000001,
    "P@10": 0.12800000000000003,
    "P@100": 0.02340000000000001,
    "P@375724": 1.3307640714992932e-05,
    "R@1": 0.10400000000000004,
    "R@3": 0.1640000000000001,
    "R@5": 0.2040000000000001,
    "R@10": 0.25600000000000006,
    "R@100": 0.46799999999999997,
    "R@375724": 1.0,
    "F1@1": 0.17333333333333328,
    "F1@3": 0.205,
    "F1@5": 0.2040000000000001,
    "F1@10": 0.17066666666666674,
    "F1@100": 0.044571428571428574,
    "F1@375724": 2.6614927248096356e-05,
    "nDCG@1": 0.48647619047619045,
    "nDCG@3": 0.41557190755945755,
    "nDCG@5": 0.41519698741787947,
    "nDCG@10": 0.435326814293482,
    "nDCG@100": 0.49455484154406726,
    "nDCG@375724": 0.5423744280309829,
    "MR": 44.98,
    "aRP": 0.2040000000000001,
    "Cov": 1.0,
    "Med": 1.0
  },
  "OnT SNO-25(M-128) d_k": {
    "MRR": 0.6801994590939825,
    "MAP": 0.1918809064625472,
    "Hits@1": 0.54,
    "Hits@3": 0.82,
    "Hits@5": 0.88,
    "Hits@10": 0.92,
    "Hits@100": 1.0,
    "Hits@375724": 1.0,
    "P@1": 0.54,
    "P@3": 0.3066666666666668,
    "P@5": 0.21999999999999992,
    "P@10": 0.124,
    "P@100": 0.02220000000000001,
    "P@375724": 1.3307640714992932e-05,
    "R@1": 0.10800000000000004,
    "R@3": 0.18400000000000002,
    "R@5": 0.21999999999999992,
    "R@10": 0.248,
    "R@100": 0.44399999999999984,
    "R@375724": 1.0,