{
  "BoW Lexical TFIDF": {
    "MRR": 0.261304562381433,
    "MAP": 0.261304562381433,
    "Hits@1": 0.16,
    "Hits@3": 0.3,
    "Hits@5": 0.34,
    "Hits@10": 0.44,
    "Hits@100": 0.62,
    "Hits@375724": 0.76,
    "P@1": 0.16,
    "P@3": 0.09999999999999998,
    "P@5": 0.06800000000000002,
    "P@10": 0.04400000000000001,
    "P@100": 0.006200000000000002,
    "P@375724": 2.0227613886789236e-06,
    "R@1": 0.16,
    "R@3": 0.3,
    "R@5": 0.34,
    "R@10": 0.44,
    "R@100": 0.62,
    "R@375724": 0.76,
    "F1@1": 0.16,
    "F1@3": 0.15,
    "F1@5": 0.11333333333333333,
    "F1@10": 0.07999999999999997,
    "F1@100": 0.012277227722772281,
    "F1@375724": 4.045512010113778e-06,
    "nDCG@1": 0.16,
    "nDCG@3": 0.24571157042857494,
    "nDCG@5": 0.26293863275151064,
    "nDCG@10": 0.297744505255867,
    "nDCG@100": 0.33679124319105364,
    "nDCG@375724": 0.35268461084734154,
    "MR": 90308.1,
    "aRP": 0.16,
    "Cov": 0.76,
    "Med": 18.5
  },
  "BoW Lexical BM25": {
    "MRR": 0.3016998760870067,
    "MAP": 0.3016998760870067,
    "Hits@1": 0.2,
    "Hits@3": 0.36,
    "Hits@5": 0.44,
    "Hits@10": 0.5,
    "Hits@100": 0.6,
    "Hits@375724": 1.0,
    "P@1": 0.2,
    "P@3": 0.11999999999999997,
    "P@5": 0.08800000000000002,
    "P@10": 0.05000000000000002,
    "P@100": 0.006000000000000002,
    "P@375724": 2.661528142998584e-06,
    "R@1": 0.2,
    "R@3": 0.36,
    "R@5": 0.44,
    "R@10": 0.5,
    "R@100": 0.6,
    "R@375724": 1.0,
    "F1@1": 0.2,
    "F1@3": 0.18,
    "F1@5": 0.1466666666666666,
    "F1@10": 0.09090909090909088,
    "F1@100": 0.011881188118811885,
    "F1@375724": 5.323042118570763e-06,
    "nDCG@1": 0.2,
    "nDCG@3": 0.2930929753571458,
    "nDCG@5": 0.3266706249862402,
    "nDCG@10": 0.346482035308347,
    "nDCG@100": 0.3661319579756123,
    "nDCG@375724": 0.40095155535482463,
    "MR": 44793.74,
    "aRP": 0.2,
    "Cov": 1.0,
    "Med": 11.5
  },
  "SBERT SNOMED25 cos-sim": {
    "MRR": 0.5080218411882874,
    "MAP": 0.5080218411882874,
    "Hits@1": 0.34,
    "Hits@3": 0.66,
    "Hits@5": 0.7,
    "Hits@10": 0.82,
    "Hits@100": 0.92,
    "Hits@375724": 1.0,
    "P@1": 0.34,
    "P@3": 0.22000000000000003,
    "P@5": 0.14000000000000007,
    "P@10": 0.08200000000000003,
    "P@100": 0.009200000000000005,
    "P@375724": 2.661528142998584e-06,
    "R@1": 0.34,
    "R@3": 0.66,
    "R@5": 0.7,
    "R@10": 0.82,
    "R@100": 0.92,
    "R@375724": 1.0,
    "F1@1": 0.34,
    "F1@3": 0.33,
    "F1@5": 0.2333333333333334,
    "F1@10": 0.14909090909090902,
    "F1@100": 0.018217821782178227,
    "F1@375724": 5.323042118570763e-06,
    "nDCG@1": 0.34,
    "nDCG@3": 0.5235673556428624,
    "nDCG@5": 0.5407944179657982,
    "nDCG@10": 0.5798205660921377,
    "nDCG@100": 0.6017430203592368,
    "nDCG@375724": 0.6118990438412973,
    "MR": 27.3,
    "aRP": 0.34,
    "Cov": 1.0,
    "Med": 2.0
  },
  "HiT SNOMED25(F) d_k": {
    "MRR": 0.3911543087618003,
    "MAP": 0.3911543087618003,
    "Hits@1": 0.28,
    "Hits@3": 0.46,
    "Hits@5": 0.5,
    "Hits@10": 0.56,
    "Hits@100": 0.78,
    "Hits@375724": 1.0,
    "P@1": 0.28,
    "P@3": 0.15333333333333327,
    "P@5": 0.10000000000000003,
    "P@10": 0.05600000000000002,
    "P@100": 0.007800000000000004,
    "P@375724": 2.661528142998584e-06,
    "R@1": 0.28,
    "R@3": 0.46,
    "R@5": 0.5,
    "R@10": 0.56,
    "R@100": 0.78,
    "R@375724": 1.0,
    "F1@1": 0.28,
    "F1@3": 0.23,
    "F1@5": 0.1666666666666666,
    "F1@10": 0.10181818181818178,
    "F1@100": 0.015445544554455452,
    "F1@375724": 5.323042118570763e-06,
    "nDCG@1": 0.28,
    "nDCG@3": 0.3883301655000041,
    "nDCG@5": 0.4046807528061628,
    "nDCG@10": 0.4247808607507045,
    "nDCG@100": 0.47147422273427514,
    "nDCG@375724": 0.4968548499492077,
    "MR": 170.7,
    "aRP": 0.28,
    "Cov": 1.0,
    "Med": 5.5
  },
  "HiT SNOMED25(F) s_e": {
    "MRR": 0.39524243621758587,
    "MAP": 0.39524243621758587,
    "Hits@1": 0.3,
    "Hits@3": 0.46,
    "Hits@5": 0.5,
    "Hits@10": 0.52,
    "Hits@100": 0.76,
    "Hits@375724": 1.0,
    "P@1": 0.3,
    "P@3": 0.15333333333333327,
    "P@5": 0.10000000000000003,
    "P@10": 0.05200000000000002,
    "P@100": 0.0076000000000000035,
    "P@375724": 2.661528142998584e-06,
    "R@1": 0.3,
    "R@3": 0.46,
    "R@5": 0.5,
    "R@10": 0.52,
    "R@100": 0.76,
    "R@375724": 1.0,
    "F1@1": 0.3,
    "F1@3": 0.23,
    "F1@5": 0.1666666666666666,
    "F1@10": 0.09454545454545452,
    "F1@100": 0.015049504950495056,
    "F1@375724": 5.323042118570763e-06,
    "nDCG@1": 0.3,
    "nDCG@3": 0.3957115704285749,
    "nDCG@5": 0.4111856827179566,
    "nDCG@10": 0.41830982646011705,
    "nDCG@100": 0.46845957831263896,
    "nDCG@375724": 0.4954260304155159,
    "MR": 210.34,
    "aRP": 0.3,
    "Cov": 1.0,
    "Med": 5.5
  },
  "OnT SNO-25(F) d_k": {
    "MRR": 0.5523763592385478,
    "MAP": 0.5523763592385478,
    "Hits@1": 0.42,
    "Hits@3": 0.68,
    "Hits@5": 0.68,
    "Hits@10": 0.8,
    "Hits@100": 0.98,
    "Hits@375724": 1.0,
    "P@1": 0.42,
    "P@3": 0.2266666666666667,
    "P@5": 0.13600000000000007,
    "P@10": 0.08000000000000003,
    "P@100": 0.009800000000000005,
    "P@375724": 2.661528142998584e-06,
    "R@1": 0.42,
    "R@3": 0.68,
    "R@5": 0.68,
    "R@10": 0.8,
    "R@100": 0.98,
    "R@375724": 1.0,
    "F1@1": 0.42,
    "F1@3": 0.34,
    "F1@5": 0.2266666666666667,
    "F1@10": 0.1454545454545454,
    "F1@100": 0.019405940594059416,
    "F1@375724": 5.323042118570763e-06,
    "nDCG@1": 0.42,
    "nDCG@3": 0.568330165500004,
    "nDCG@5": 0.568330165500004,
    "nDCG@10": 0.606083990344404,
    "nDCG@100": 0.6435370170000891,
    "nDCG@375724": 0.646486278039894,
    "MR": 11.02,
    "aRP": 0.42,
    "Cov": 1.0,
    "Med": 2.0
  },
  "OnT SNO-25(F) s_c": {
    "MRR": 0.5541444484479917,
    "MAP": 0.5541444484479917,
    "Hits@1": 0.46,
    "Hits@3": 0.6,
    "Hits@5": 0.66,
    "Hits@10": 0.7,
    "Hits@100": 0.9,
    "Hits@375724": 1.0,
    "P@1": 0.46,
    "P@3": 0.2,
    "P@5": 0.13200000000000006,
    "P@10": 0.07000000000000003,
    "P@100": 0.009000000000000005,
    "P@375724": 2.661528142998584e-06,
    "R@1": 0.46,
    "R@3": 0.6,
    "R@5": 0.66,
    "R@10": 0.7,
    "R@100": 0.9,
    "R@375724": 1.0,
    "F1@1": 0.46,
    "F1@3": 0.3,
    "F1@5": 0.22000000000000003,
    "F1@10": 0.1272727272727272,
    "F1@100": 0.01782178217821783,
    "F1@375724": 5.323042118570763e-06,
    "nDCG@1": 0.46,
    "nDCG@3": 0.5457115704285749,
    "nDCG@5": 0.5715521639129786,
    "nDCG@10": 0.584000127106003,
    "nDCG@100": 0.6245131240976739,
    "nDCG@375724": 0.6365132765384098,
    "MR": 61.14,
    "aRP": 0.46,
    "Cov": 1.0,
    "Med": 2.0
  },
  "OnT SNO-25(M-128) d_k": {
    "MRR": 0.6321271412779672,
    "MAP": 0.6321271412779672,
    "Hits@1": 0.52,
    "Hits@3": 0.72,
    "Hits@5": 0.78,
    "Hits@10": 0.86,
    "Hits@100": 0.96,
    "Hits@375724": 1.0,
    "P@1": 0.52,
    "P@3": 0.24000000000000007,
    "P@5": 0.15600000000000008,
    "P@10": 0.08600000000000002,
    "P@100": 0.009600000000000004,
    "P@375724": 2.661528142998584e-06,
    "R@1": 0.52,
    "R@3": 0.72,
    "R@5": 0.78,
    "R@10": 0.86,
    "R@100": 0.96,
    "R@375724": 1.0,
    "F1@1": 0.52,
    "F1@3": 0.36,
    "F1@5": 0.2600000000000001,
    "F1@10": 0.1563636363636363,
    "F1@100": 0.01900990099009902,
    "F1@375724": 5.323042118570763e-06,
    "nDCG@1": 0.52,
    "nDCG@3": 0.6330929753571458,
    "nDCG@5": 0.6589335688415494,
    "nDCG@10": 0.6838820613619727,
    "nDCG@100": 0.7048530996123656,
    "nDCG@375724": 0.7097323997007902,
    "MR": 18.44,
    "aRP": 0.52,
    "Cov": 1.0,
    "Med": 1.0
  },
  "OnT SNO-25(M-128) s_c": {
    "MRR": 0.6154899554034157,
    "MAP": 0.6154899554034157,
    "Hits@1": 0.5,
    "Hits@3": 0.66,
    "Hits@5": 0.78,
    "Hits@10": 0.84,
    "Hits@100": 0.96,
    "Hits@375724": 1.0,
    "P@1": 0.5,
    "P@3": 0.22000000000000003,
    "P@5": 0.15600000000000008,
    "P@10": 0.08400000000000002,
    "P@100": 0.009600000000000004,