{
  "BoW Lexical TFIDF": {
    "MRR": 0.2893773598851939,
    "MAP": 0.12154264025294127,
    "Hits@1": 0.2,
    "Hits@3": 0.32,
    "Hits@5": 0.34,
    "Hits@10": 0.48,
    "Hits@100": 0.66,
    "Hits@375724": 0.78,
    "P@1": 0.2,
    "P@3": 0.11999999999999998,
    "P@5": 0.08,
    "P@10": 0.05800000000000002,
    "P@100": 0.009200000000000003,
    "P@375724": 3.992292214497877e-06,
    "R@1": 0.06666666666666667,
    "R@3": 0.11999999999999998,
    "R@5": 0.13333333333333333,
    "R@10": 0.19333333333333336,
    "R@100": 0.3066666666666667,
    "R@375724": 0.5,
    "F1@1": 0.1,
    "F1@3": 0.11999999999999998,
    "F1@5": 0.1,
    "F1@10": 0.08923076923076921,
    "F1@100": 0.017864077669902906,
    "F1@375724": 7.984520675916292e-06,
    "nDCG@1": 0.17523809523809525,
    "nDCG@3": 0.19538585740646164,
    "nDCG@5": 0.20806050740326082,
    "nDCG@10": 0.2394229556673871,
    "nDCG@100": 0.2762131301345247,
    "nDCG@375724": 0.29938813689370575,
    "MR": 82735.56,
    "aRP": 0.11999999999999998,
    "Cov": 0.5,
    "Med": 12.5
  },
  "BoW Lexical BM25": {
    "MRR": 0.32295290195171167,
    "MAP": 0.12705534942600466,
    "Hits@1": 0.22,
    "Hits@3": 0.38,
    "Hits@5": 0.46,
    "Hits@10": 0.52,
    "Hits@100": 0.66,
    "Hits@375724": 1.0,
    "P@1": 0.22,
    "P@3": 0.1333333333333333,
    "P@5": 0.10400000000000004,
    "P@10": 0.06400000000000003,
    "P@100": 0.008800000000000004,
    "P@375724": 7.984584428995753e-06,
    "R@1": 0.07333333333333333,
    "R@3": 0.1333333333333333,
    "R@5": 0.1733333333333333,
    "R@10": 0.21333333333333332,
    "R@100": 0.29333333333333345,
    "R@375724": 1.0,
    "F1@1": 0.11,
    "F1@3": 0.1333333333333333,
    "F1@5": 0.13,
    "F1@10": 0.09846153846153845,
    "F1@100": 0.017087378640776692,
    "F1@375724": 1.5969041351832568e-05,
    "nDCG@1": 0.20666666666666664,
    "nDCG@3": 0.2248920298086528,
    "nDCG@5": 0.25362121116187725,
    "nDCG@10": 0.27205223067299356,
    "nDCG@100": 0.2929282728867475,
    "nDCG@375724": 0.3477552424344604,
    "MR": 33967.18,
    "aRP": 0.1333333333333333,
    "Cov": 1.0,
    "Med": 8.0
  },
  "SBERT SNOMED25 cos-sim": {
    "MRR": 0.5535782670319473,
    "MAP": 0.2343032215723696,
    "Hits@1": 0.38,
    "Hits@3": 0.72,
    "Hits@5": 0.76,
    "Hits@10": 0.86,
    "Hits@100": 0.96,
    "Hits@375724": 1.0,
    "P@1": 0.38,
    "P@3": 0.26000000000000006,
    "P@5": 0.1640000000000001,
    "P@10": 0.10999999999999996,
    "P@100": 0.01660000000000001,
    "P@375724": 7.984584428995753e-06,
    "R@1": 0.12666666666666662,
    "R@3": 0.26000000000000006,
    "R@5": 0.27333333333333343,
    "R@10": 0.3666666666666665,
    "R@100": 0.5533333333333332,
    "R@375724": 1.0,
    "F1@1": 0.19,
    "F1@3": 0.26000000000000006,
    "F1@5": 0.205,
    "F1@10": 0.16923076923076924,
    "F1@100": 0.03223300970873785,
    "F1@375724": 1.5969041351832568e-05,
    "nDCG@1": 0.35333333333333333,
    "nDCG@3": 0.40654008222813565,
    "nDCG@5": 0.41937859408157613,
    "nDCG@10": 0.46104767490358695,
    "nDCG@100": 0.4989341488238406,
    "nDCG@375724": 0.5336431634972281,
    "MR": 18.66,
    "aRP": 0.26000000000000006,
    "Cov": 1.0,
    "Med": 2.0
  },
  "HiT SNOMED25(F) d_k": {
    "MRR": 0.4443388261826828,
    "MAP": 0.20213618814196546,
    "Hits@1": 0.3,
    "Hits@3": 0.54,
    "Hits@5": 0.58,
    "Hits@10": 0.66,
    "Hits@100": 0.86,
    "Hits@375724": 1.0,
    "P@1": 0.3,
    "P@3": 0.19333333333333336,
    "P@5": 0.14000000000000007,
    "P@10": 0.09,
    "P@100": 0.01760000000000001,
    "P@375724": 7.984584428995753e-06,
    "R@1": 0.09999999999999998,
    "R@3": 0.19333333333333336,
    "R@5": 0.23333333333333336,
    "R@10": 0.3,
    "R@100": 0.5866666666666667,
    "R@375724": 1.0,
    "F1@1": 0.15,
    "F1@3": 0.19333333333333336,
    "F1@5": 0.175,
    "F1@10": 0.13846153846153847,
    "F1@100": 0.034174757281553385,
    "F1@375724": 1.5969041351832568e-05,
    "nDCG@1": 0.2866666666666667,
    "nDCG@3": 0.30755240082891677,
    "nDCG@5": 0.3254182399560638,
    "nDCG@10": 0.3527067649059301,
    "nDCG@100": 0.4150629850587732,
    "nDCG@375724": 0.45745936533969744,
    "MR": 80.78,
    "aRP": 0.19333333333333336,
    "Cov": 1.0,
    "Med": 2.5
  },
  "HiT SNOMED25(F) s_e": {
    "MRR": 0.44306003689133566,
    "MAP": 0.20386696965122653,
    "Hits@1": 0.32,
    "Hits@3": 0.52,
    "Hits@5": 0.56,
    "Hits@10": 0.62,
    "Hits@100": 0.84,
    "Hits@375724": 1.0,
    "P@1": 0.32,
    "P@3": 0.18666666666666668,
    "P@5": 0.13600000000000007,
    "P@10": 0.08800000000000002,
    "P@100": 0.017400000000000013,
    "P@375724": 7.984584428995753e-06,
    "R@1": 0.10666666666666665,
    "R@3": 0.18666666666666668,
    "R@5": 0.22666666666666668,
    "R@10": 0.29333333333333333,
    "R@100": 0.5800000000000002,
    "R@375724": 1.0,
    "F1@1": 0.16,
    "F1@3": 0.18666666666666668,
    "F1@5": 0.17,
    "F1@10": 0.13538461538461538,
    "F1@100": 0.03378640776699028,
    "F1@375724": 1.5969041351832568e-05,
    "nDCG@1": 0.3066666666666667,
    "nDCG@3": 0.30999874933331006,
    "nDCG@5": 0.3273213806981983,
    "nDCG@10": 0.3476222977743674,
    "nDCG@100": 0.4121389030689606,
    "nDCG@375724": 0.4559263854299545,
    "MR": 91.02,
    "aRP": 0.18666666666666668,
    "Cov": 1.0,
    "Med": 3.0
  },
  "OnT SNO-25(F) d_k": {
    "MRR": 0.5926504333126219,
    "MAP": 0.27065775263341707,
    "Hits@1": 0.44,
    "Hits@3": 0.74,
    "Hits@5": 0.74,
    "Hits@10": 0.84,
    "Hits@100": 0.98,
    "Hits@375724": 1.0,
    "P@1": 0.44,
    "P@3": 0.28,
    "P@5": 0.18000000000000008,
    "P@10": 0.11199999999999999,
    "P@100": 0.01880000000000001,
    "P@375724": 7.984584428995753e-06,
    "R@1": 0.1466666666666666,
    "R@3": 0.28,
    "R@5": 0.3000000000000001,
    "R@10": 0.3733333333333334,
    "R@100": 0.6266666666666668,
    "R@375724": 1.0,
    "F1@1": 0.22,
    "F1@3": 0.28,
    "F1@5": 0.225,
    "F1@10": 0.17230769230769233,
    "F1@100": 0.03650485436893203,
    "F1@375724": 1.5969041351832568e-05,
    "nDCG@1": 0.42666666666666664,
    "nDCG@3": 0.4446789408392718,
    "nDCG@5": 0.44994010383931915,
    "nDCG@10": 0.4852806546254484,
    "nDCG@100": 0.542693924592961,
    "nDCG@375724": 0.5697975854769511,
    "MR": 8.5,
    "aRP": 0.28,
    "Cov": 1.0,
    "Med": 2.0
  },
  "OnT SNO-25(F) s_c": {
    "MRR": 0.6178180286077375,
    "MAP": 0.27975131824700333,
    "Hits@1": 0.52,
    "Hits@3": 0.68,
    "Hits@5": 0.72,
    "Hits@10": 0.76,
    "Hits@100": 0.92,
    "Hits@375724": 1.0,
    "P@1": 0.52,
    "P@3": 0.25333333333333335,
    "P@5": 0.18000000000000008,
    "P@10": 0.10800000000000004,
    "P@100": 0.01780000000000001,
    "P@375724": 7.984584428995753e-06,
    "R@1": 0.17333333333333328,
    "R@3": 0.25333333333333335,
    "R@5": 0.30000000000000004,
    "R@10": 0.3600000000000001,
    "R@100": 0.5933333333333334,
    "R@375724": 1.0,
    "F1@1": 0.26,
    "F1@3": 0.25333333333333335,
    "F1@5": 0.225,
    "F1@10": 0.1661538461538462,
    "F1@100": 0.034563106796116495,
    "F1@375724": 1.5969041351832568e-05,
    "nDCG@1": 0.4819047619047619,
    "nDCG@3": 0.4319668144223012,
    "nDCG@5": 0.4592851668174742,
    "nDCG@10": 0.4771441693523616,
    "nDCG@100": 0.5323234842643216,
    "nDCG@375724": 0.566724303055807,
    "MR": 55.56,
    "aRP": 0.25333333333333335,
    "Cov": 1.0,
    "Med": 1.0
  },
  "OnT SNO-25(M-128) d_k": {
    "MRR": 0.662740275420513,
    "MAP": 0.28260866481613206,
    "Hits@1": 0.54,
    "Hits@3": 0.78,
    "Hits@5": 0.84,
    "Hits@10": 0.9,
    "Hits@100": 0.98,
    "Hits@375724": 1.0,
    "P@1": 0.54,
    "P@3": 0.2800000000000001,
    "P@5": 0.204,
    "P@10": 0.11399999999999999,
    "P@100": 0.01780000000000001,
    "P@375724": 7.984584428995753e-06,
    "R@1": 0.17999999999999997,
    "R@3": 0.2800000000000001,
    "R@5": 0.3400000000000001,
    "R@10": 0.38000000000000006,
    "R@100": 0.5933333333333334,
    "R@375724": 1.0,
    "F1@1": 0.27,
    "F1@3": 0.2800000000000001,
    "F1@5": 0.255,